xml:id,count
AdnrejGrahWhatmough,1
AdnrejČernigoj,1
AdnrejŠircelj,1
AdolfVidenšek,1
AidanCerar,1
AjaVrenjak,2
AjdaCuderman,5
AjdaErjavecBartolj,1
AlajžKovačič,2
AlažKovačič,1
AlbertoScheriani,12
AlbertoSkerjane,1
AlbinIgličar,1
AlekValenčič,1
AleksJakulin,3
AleksandaraPivec,2
AleksanderBratina,1
AleksanderJeršič,1
AleksanderJevšek,3
AleksanderJus,1
AleksanderKoren,2
AleksanderMervar,1
AleksanderPevec,5
AleksanderRajh,6
AleksanderReberšek,144
AleksanderStepanović,2
AleksanderŽvokelj,1
AleksandraMarijanović,1
AleksandraPivec,79
AleksandraSpasojević,1
AlenKofol,3
AlenPečarič,1
AlenjaJeraj,2
AlenkaBrantušek,1
AlenkaBratušek,233
AlenkaBrautšek,1
AlenkaErmenc,17
AlenkaForte,65
AlenkaJeraj,361
AlenkaJerja,1
AlenkaKavčič,1
AlenkaKlemenčič,3
AlenkaKlepac,2
AlenkaKlepec,3
AlenkaKošorokHumar,2
AlenkaKrečBricelj,1
AlenkaPavlovec,2
AlenkaPotočnik,3
AlenkaRožajBrvar,1
AlenkaSuhadolnik,2
AlenkaTropSkaza,1
AlenkaŠverc,1
AlenkraBratušek,1
AlenksanderReberšek,1
AlenskanderReberšek,1
AlešBošnjak,1
AlešBržan,2
AlešBucik,4
AlešButala,32
AlešButalo,1
AlešCantartutti,2
AlešCantarutti,87
AlešCanterutti,2
AlešGolja,3
AlešGorišek,4
AlešHam,1
AlešHojs,162
AlešIrgolič,19
AlešIrgulič,1
AlešIvković,1
AlešIvkovič,1
AlešKaluža,1
AlešKolmanič,1
AlešKovačič,1
AlešLipičnik,24
AlešLovše,5
AlešMaver,1
AlešMihelič,67
AlešMišmaš,2
AlešMlakar,2
AlešMrzel,3
AlešOjsteršek,1
AlešOjstršek,2
AlešPelan,1
AlešPrijon,63
AlešRemih,3
AlešRozman,7
AlešSedmak,1
AlešVodopivec,1
AlešVrhovec,2
AlešZalar,1
AlešaSovinc,2
AlešŠabeder,65
AlešŠebeder,1
AljaLobnik,3
AljašKovačič,5
AljažKavčič,1
AljažKovačiič,1
AljažKovačič,477
AljažPestotnik,2
AljažVrhovnik,1
AljošaCuravić,2
AljošaPetek,1
AljošaČeč,1
AlmedinaSuljkanović,1
AlojzGrabnar,1
AlojzGrabner,1
AlojzHojs,1
AlojzIhan,6
AlojzKovšca,47
AlojzKovščca,1
AlojzKrapež,1
AlojzPeterle,5
AlojzSelišnik,1
AlojzSladič,6
AlojzStana,56
AlojzVarga,1
AlojzijBoh,1
AlojzijFerlinc,2
AlojzŠteiner,1
AmirAlibabić,2
AmirAlibabič,1
AnaBoljka,5
AnaGregorič,3
AnaJaklič,1
AnaJereb,1
AnaKandare,1
AnaKroflič,2
AnaMarijaHren,1
AnaMedved,6
AnaPorok,1
AnaSavšek,1
AnaVodičar,2
AnamariaHren,3
AnamarijaMeglič,1
AnamarijaRajk,1
AnamarijaValentinaMarolt,6
AndarejČernigoj,1
AndejaZabret,4
AndejŠircelj,1
AnderejŠušmelj,1
AnderjČernigoj,2
AnderjŠušmelj,1
AndnrejŠircelj,1
Andolšek,1
AndražGrum,2
AndražZgonc,1
AndreaKovač,6
AndrejBerginc,1
AndrejBernarčič,2
AndrejBertoncelj,87
AndrejBibič,2
AndrejBožič,13
AndrejBrezavšček,4
AndrejBrtoncelj,1
AndrejCvenk,1
AndrejDočinski,1
AndrejDrašler,1
AndrejEror,1
AndrejFerlinc,14
AndrejFink,2
AndrejGernigoj,2
AndrejGnezda,9
AndrejGosar,1
AndrejGrah,1
AndrejGrahWhatmough,29
AndrejGrahWhotmough,1
AndrejHafner,6
AndrejHrausky,1
AndrejHudoklin,2
AndrejKastelic,3
AndrejKavčič,3
AndrejKocbek,1
AndrejKurent,1
AndrejLogar,1
AndrejMatoz,2
AndrejMedica,5
AndrejOperčkal,1
AndrejPezdir,1
AndrejPirjevec,4
AndrejPlesičar,1
AndrejPlesničar,1
AndrejPoljšak,1
AndrejPrebil,2
AndrejRahj,1
AndrejRajh,1095
AndrejRibič,2
AndrejRihtar,2
AndrejRihter,8
AndrejRobida,4
AndrejSevšek,3
AndrejSimončič,6
AndrejSitar,1
AndrejSmrekar,1
AndrejSotošek,1
AndrejStritar,7
AndrejStuden,1
AndrejUršič,1
AndrejVizjak,60
AndrejZabret,1
AndrejZorko,11
AndrejaBizjak,7
AndrejaHribernik,3
AndrejaJerina,5
AndrejaKandolf,1
AndrejaKatić,1
AndrejaKatič,75
AndrejaKokalj,1
AndrejaKovač,6
AndrejaKrtStopar,1
AndrejaKurent,65
AndrejaKvas,1
AndrejaLapanja,3
AndrejaOgriz,1
AndrejaPadar,1
AndrejaPader,3
AndrejaPaderJagodič,1
AndrejaPotočnik,1
AndrejaSlameršek,2
AndrejaUštar,1
AndrejaZabret,237
AndrejaČufar,1
AndrejaČufer,5
AndrejČerngoj,1
AndrejČernigoj,450
AndrejČernigor,1
AndrejČuš,21
AndrejŠircelj,482
AndrejŠirecelj,1
AndrejŠter,2
AndrejŠtritof,1
AndrejŠušmelj,12
AndrianaSukova,3
AnejPodgorelec,1
AnemarijaPlanšak,1
AnerejRibič,1
AngelikaMlinar,33
AngelineTrajkovski,1
AnicaHribar,1
AnicaUžmah,1
AnitGoršek,2
AnitaGoršek,17
AnitaOgulin,5
AnjaAhčin,2
AnjaBahŽibert,2694
AnjaBahŽiberta,1
AnjaBahŽibet,2
AnjaBahŽibrt,1
AnjaFortuna,1
AnjaGolob,2
AnjaKopač,3
AnjaKopačMrak,2
AnjaLobnik,1
AnjaSkele,1
AnjaZorko,1
AnkaOražem,4
AnkaTominšek,1
AnrejRajh,3
AnrejŠircelj,1
AntonHare,1
AntonHarej,14
AntonJagodic,6
AntonKokalj,2
AntonLuznar,2
AntonMeden,5
AntonMedved,3
AntonNiculescu,4
AntonOlaj,29
AntonRamšak,1
AntonTravner,3
AntonVozelj,1
AntonZakrajšek,1
AntonZavodnik,2
AntonijaBožičCerar,1
AntonijaCerar,2
AntonioRocco,3
AntonČesen,1
AnuškaPodvršič,1
AnžeLogar,1177
AnžeVohBoštic,1
ApolonijaSimon,2
AstaVrečko,1
AtašaSukič,1
AvguštinMalle,1
B0štjanKoražija,1
BarabaraGerečnik,1
BarbaraAntolićVupora,1
BarbaraGerečnik,15
BarbaraJenkoleŽigante,1
BarbaraKobalTomc,9
BarbaraKoželjPodlogar,1
BarbaraKranjc,1
BarbaraKrivic,1
BarbaraKürnerČad,7
BarbaraLipovšek,6
BarbaraLončar,1
BarbaraNerat,14
BarbaraNovak,3
BarbaraPeternelj,2
BarbaraPregelj,1
BarbaraRajgelj,2
BarbaraRiman,11
BarbaraSkubic,1
BarbaraSušnik,3
BarbaraToplakPerovič,2
BarbaraĐerfi,3
BarbaraŠkrabaFlis,2
BarbaraŠtrukelj,3
BenjaminGorišek,1
Bernard,2
BernardSadovnik,5
BernhardHauer,4
BertoMenard,1
BevkSamo,1
Bećiri,1
BiserkaIlin,2
BiserkaMarolgMeden,1
BiserkaMaroltMedem,1
BiserkaMaroltMeden,8
BlažCvar,1
BlažGrmšek,2
BlažHeij,4
BlažKovač,7
BlažKovačičMlinar,2
BlažKošorog,3
BlažKošorok,73
BlažMrevlje,2
BlažPaulič,2
BlažPavlin,1271
BlažPerko,5
BlažPlazar,1
BlažZavršnik,1
Bogataj,1
BogdanLipovšek,3
BogdanProdan,1
BogdanVnučec,1
BogdanŠtepec,2
BogomilVnučec,1
BogomirVnučec,89
BogomorVnučec,1
BojanBodkrajšek,1
BojanBorovnik,2
BojanDejak,1
BojanDoblekar,1
BojanGantar,1
BojanHajnak,1
BojanIvanc,1
BojanKekec,66
BojanKontič,1
BojanKumer,66
BojanKurež,6
BojanMajcen,7
BojanMuršič,1
BojanOblak,4
BojanPahor,5
BojanPodgrajšek,1
BojanPodkrajšek,1945
BojanPodkrajšekk,2
BojanPodkrajškek,1
BojanPodrajšek,1
BojanPograjc,2
BojanPokrajšek,1
BojanPopovič,1
BojanPočivalšek,4
BojanPožar,1
BojanRežon,1
BojanRežun,19
BojanRošer,2
BojanSkomina,1
BojanSuvorov,29
BojanVerbič,3
BojanVeselinovič,22
BojanZalar,2
BojanaBeović,4
BojanaMuršić,1
BojanaMuršič,274
BojanaPodkrajšek,1
BojanaPotočan,45
BojanaPotočar,1
BojanŠvigelj,2
BojanŽlender,3
BojanŽvikart,1
BojkoJerman,1
BorisDoblekar,402
BorisDoblkear,2
BorisDular,4
BorisGrigić,4
BorisIvčič,2
BorisJesih,1
BorisKavur,2
BorisKoprivnikar,7
BorisKosec,3
BorisMatič,2
BorisMedica,1
BorisMihalj,3
BorisMunišič,2
BorisNovak,12
BorisOrešek,5
BorisPleskovič,7
BorisPleškovič,1
BorisSovič,1
BorisTomažič,1
BorisŠinigoj,1
BorisŠtefanec,14
BoroŠtrumbelj,1
BorutCugelj,1
BorutFlorjančič,4
BorutHorvat,2
BorutMahnič,3
BorutMeh,1
BorutPeterlin,2
BorutRojc,1
BorutRončević,6
BorutSever,7
BorutSmrdel,32
BorutŠantej,2
BorutŠtrukelj,1
BoštjanBovič,1
BoštjanHorvat,1
BoštjanJambrovič,6
BoštjanKersnič,1
BoštjanKocmur,3
BoštjanKoražija,436
BoštjanKoritnik,76
BoštjanKos,1
BoštjanKozole,1
BoštjanLindav,3
BoštjanMočnik,2
BoštjanNoč,9
BoštjanPetelinc,1
BoštjanPoklukar,148
BoštjanRigler,6
BoštjanUdovič,4
BoštjanVasle,22
BoštjanZalar,1
BoštjanŠefic,3
BožidarCasar,1
BožidarPeteh,1
BožidarRadišič,6
BožidarRustja,2
BožoPredalič,66
BrakoGrims,1
BrakoSimonovič,1
BralžPavlin,2
BraneBut,5
BraneDobnikar,2
BraneGolubović,77
BraneGoluboviću,1
BraneGolubovič,4
BraneGrad,2
BraneKumer,1
BranimirRajić,3
BranimirŠtrukelj,51
BranimirŠtukelj,1
BranisalvRajić,1
BranislaRajić,1
BranislavRajić,1478
BranislavRajič,7
BrankaGlojnarič,11
BrankaKalenićRamšak,2
BrankaKaliničRamšak,1
BrankaKnafelc,2
BrankaKrištof,2
BrankaVidetič,2
BrankicaPetković,2
BrankoAndrejašič,1
BrankoBregar,4
BrankoBrims,1
BrankoGornjec,1
BrankoGrimms,1
BrankoGrims,2452
BrankoGrimsu,1
BrankoGris,1
BrankoJezovšek,1
BrankoKrištof,1
BrankoKumer,1
BrankoLobnik,1
BrankoLobnikar,1
BrankoMeh,9
BrankoPetovar,1
BrankoRajić,12
BrankoRavnik,24
BrankoRavnikar,2
BrankoSečnikar,2
BrankoSimnovič,1
BrankoSimonović,6
BrankoSimonovič,100
BrankoStarović,1
BrankoTomažič,18
BrankoVidič,1
BrankoZakotnik,5
BrankoZavršan,1
BrankoZorman,1
BrankoŠumenjak,8
BransilavRajić,2
BraslavBrajić,1
BredaBožnik,55
BredaHrovatin,1
BredaKrašna,9
BredaKutin,5
BredaČinčJuhant,1
BredaČrnčec,2
BrglezMilan,1
BrigitaJamnik,1
BrigitaKosi,2
BrigitaSkelaSavič,4
BrigitaZupančič,2
BrinaSotenšek,1
BronkaStraus,4
BrunoDujič,2
BrunoGabršek,1
BrunoKomac,1
Bučar,1
CarloCampanile,4
CarmenRajer,1
CeneGrčar,1
CirilBašković,1
CirilBaškovič,5
CirilRibičič,4
CvetkoZupančič,10
CvetoUršič,116
CvetoZupančič,10
DamijanFlorjančič,19
DamijanJagodic,1
DamijanJaklin,10
DamijanUranker,1
DamijanaMlakar,1
DamijanŠtefanc,6
DamirDomjan,8
DamirFelak,1
DamirOrehovec,72
DamjanBelič,2
DamjanBergant,2
DamjanBradač,2
DamjanDamjanovič,2
DamjanFlorjančič,1
DamjanHorvat,5
DamjanJaklin,2
DamjanMedved,1
DamjanOmerzu,1
DamjanOražem,5
DamjanOsredkar,1
DamjanPrelovšek,1
DamjanStanonik,15
DamjanTopolko,1
DamjanTušar,2
DamjanUrankar,1
DamjanVolf,2
DamjanaAjd,1
DamjanaIglič,1
DamjanaMlakar,11
DamjanaŠarčević,1
DamjanŠkrk,2
DaneKastelic,13
DanielAvdagič,1
DanielJug,2
DanielaDimić,3
DanielaDimič,1
DanijelHočevar,3
DanijelKastelic,32
DanijelKrivec,107
DanijelKrivic,1
DanijelLamperger,1
DanijelLorbek,3
DanijelVrbnjak,1
DanijelaMakovecRadovan,2
DanijelaMrharPrelić,5
DanijelŽibret,2
DaniloAntonRanc,2
DaniloDolenc,1
DaniloKacijan,1
DaniloMeolic,1
DaniloRošker,1
DaniloTomšič,5
DarijKarajčič,11
DarijKarjčič,3
DarijKrajiči,1
DarijKrajčič,870
DarjaDerganc,1
DarjaFigel,2
DarjaGroznik,1
DarjaKocjan,12
DarjaKuzmaničKorva,6
DarjaMajkovič,1
DarjaMatjašec,2
DarjaOgrič,1
DarjaPotočnikBenčič,3
DarjaŠlibar,12
DarjoFelda,1
DarkoBut,11
DarkoKovačič,4
DarkoMuženič,4
DarkoRudaš,5
DarkoRudež,2
DarkoStare,13
DarkoTrajanov,6
DarkoZevnik,1
DarkoZupan,1
DarkoZupanc,1
DavidBrozina,16
DavidKlarič,8
DavidLapornik,1
DavidNeubauer,2
DavidPolutnik,2
DavidRunco,1
DavidŠkabar,1
DavidŠvarc,1
DavorPeršič,1
DavorinKračun,59
DavorinPočivašek,1
DavorinTerčon,2
DejanCrnek,7
DejanHaloh,1
DejanJefim,3
DejanJelovac,1
DejanJurkovič,7
DejanKaisersberger,1
DejanKaloh,259
DejanKing,1
DejanKink,1
DejanMatijevič,2
DejanOgrinec,2
DejanPrebil,1
DejanPrešiček,9
DejanSrnek,1
DejanValentinčič,17
DejanŠiško,2
DejanŽidan,783
DenisMiklavčič,3
DenisSahernik,8
DenisŽitnik,1
DianaKos,9
DijanaKos,5
DimicIva,1
DimitrijPur,2
DimitrijZadel,1
DinoBavk,1
DobranBožič,149
DoloresKores,1
Dolčič,1
DomenBogdan,2
DomenSavič,6
DominikMrvar,5
DominikaŠvarcPipan,38
DoricaPetrič,1
DorijanKrajčič,1
DorotejaNovakGosarič,1
DrAnžeLogar,1
DragaGelt,2
DraganMatić,1
DraganPetrovec,9
DraganPetroveč,1
DraganaŽunić,3
DragicaIskrenovič,1
DragicaKekec,2
DragoBabič,2
DragoBokal,3
DragoKoprčina,1
DragoVogrinčič,1
DragomirMikelić,1
DragoŠketa,33
DrancTrček,1
DraženLevojević,1
DržavniSekretar,1
DušaHladeZore,1
DušanBrejc,3
DušanDovč,1
DušanJošar,1
DušanKeber,10
DušanKumer,1
DušanMerc,2
DušanMes,2
DušanMikuš,2
DušanMikuž,9
DušanNolimal,1
DušanOrban,1
DušanPlut,2
DušanSterle,16
DušanStrnad,13
DušanVebrič,1
DušanVerbič,333
DušanVučko,12
DušanZore,2
DušanZorko,6
DušanZupančič,1
DušanŠiško,452
DuškaGodina,37
DuškoSmajek,4
DuškoSmajh,3
EdoOblak,2
EdvadPaulič,1
EdvarPaulič,4
EdvardClug,1
EdvardPaulič,1855
EdvardPaušič,1
EdvardPavlič,40
EdvardPlaulič,2
EdvardPulič,5
EdvardaPaulič,2
EdvartPaulič,3
EdwardClug,3
EgonRebec,1
ElenaPečarič,13
ElenaUšajZavadlav,3
ElenaZavadlavUšaj,56
ElenaZavedlavUšaj,2
EmaAjster,2
EmaLavrič,2
EmilErjavec,2
EmilKos,2
EmilRojc,4
EmilZakonjšek,8
EmilZakonšek,5
EmilijaPlacerTušar,1
EnaKobentar,1
EndreMesaroš,3
EnosKugler,1
ErikHofbauer,2
ErikKerševan,34
ErikPagon,4
ErikaOblak,1
ErikaPajntar,1
ErikaPerić,1
ErnestPetrič,5
EvaDimic,1
EvaIgrl,29
EvaIrg,1
EvaIrga,1
EvaIrgl,2995
EvaMatjaž,1
EvaMermolja,1
EvaPodlogar,1
EvaRorman,2
EvardPaulič,1
EvaŠravsPodlogar,1
EvaŠtrausPodlogar,11
EvaŠtravs,6
EvaŠtravsPodlogar,39
EvaŠtrovsPodlogar,1
EvelinPristavecTratar,4
EvelinVesenjak,2
EvgenGovekar,1
EvitaLeskovšek,1
FatmirBećiri,3
FatmirBečiri,3
FedjaPobegajlo,3
FeliceŽiča,2
FeliceŽiža,47
FeliksViser,1
FerencHorvat,3
FerencHorvath,11
FerencHorvát,1
FerencHorváth,170
FerencHorvŕth,1
FerencHováth,3
FlorenceFerrari,4
FlorijanPoljšak,1
FraciTrček,1
FranBreznik,1
FranJurša,1
FrancBogovič,3
FrancBrezink,1
FrancBreznik,1294
FrancHermanŠimnovec,2
FrancHorvat,2
FrancJurša,100
FrancKangler,129
FrancKepa,1
FrancKlangler,1
FrancKramar,87
FrancKučan,1
FrancKüčan,1
FrancPbreznik,2
FrancPukšič,2
FrancRadman,3
FrancRančigaj,2
FrancRosec,86
FrancStanonik,5
FrancTasič,3
FrancTeček,1
FrancTreček,11
FrancTrkeč,2
FrancTrček,1994
FrancVindišar,57
FrancZabukošek,2
FrancZalar,1
FranciBreznik,3
FranciBut,1
FranciDemšar,4
FranciKepa,157
FranciKlužer,2
FranciMagister,1
FranciPetek,4
FranciRokavec,6
FranciRosec,2
FranciZalar,1
FranciZlatar,2
FranckaPremzel,1
FrancČuš,1
FranjaKerševanSmokvina,2
FrančišekVerk,4
FrančiškaAl-mansour,1
FrančiškaĆetković,1
FrncBreznik,3
FrranciPetek,1
GabrielHribar,1
GabrijelHribar,1
GabrijelŠkof,15
GajaŠtovičej,4
GašperAndrinek,1
GašperDolžan,2
GašperDovšan,1
GašperDovžan,66
GašperHrastelj,1
GašperKemperle,4
GašperMarc,2
GašperUršič,2
GašperŽbogar,1
GergorPerič,9
Gomilšak,1
GoranForbici,4
GoranKodelja,1
GoranLukić,18
GoranLukič,3
GoranNovković,5
GoranStranče,3
GoranTurk,2
GorazdHumar,1
GorazdJenko,1
GorazdKovačič,2
GorazdPodbevšek,3
GorazdPožlep,1
GorazdRenčelj,22
GorazdTrpin,4
GorazdČibej,18
GorazdČibelj,1
GordanaDrimel,3
GregaMalec,9
GregaStrban,4
GregoorPerič,1
GregorAnderluh,1
GregorBezenšek,3
GregorFicko,2
GregorGajšek,1
GregorJagodič,1
GregorJurak,1
GregorKos,6
GregorKošir,2
GregorMacedoni,3
GregorMajdič,1
GregorMajdiš,2
GregorMarkelj,6
GregorMeterc,3
GregorPerič,885
GregorPetrič,4
GregorPečan,3
GregorPust,1
GregorRepovž,2
GregorSluga,1
GregorStarc,2
GregorStrban,2
GregorStrmčnik,1
GregorStrojin,61
GregorStrojina,1
GregorŽidan,30
GreogorPerič,1
GvidoNovak,4
HanaKošan,1
HanaKošar,1
HanziFilipič,1
HarijFurlan,6
HelenaJaklitsch,17
HelenaKavčič,1
HelenaMole,1
HelenaRus,37
HelenaValas,2
HelenaZver,7
HermanPušnik,1
HinkoŠolinc,2
HorvatJožef,2
HožefHorvat,1
Humar,1
IgnacijVoje,1
IgnacijaFridelJarc,1
IgnacijaFridl,1
IgnacijaFridlJarc,108
IgnacijiFridlJarc,1
IgnacijoFridlJarc,1
IgorAntauer,38
IgorCesarec,2
IgorDovnik,3
IgorEršte,10
IgorGabrovec,4
IgorHrovatič,6
IgorJukič,2
IgorKadunc,34
IgorKastelic,2
IgorKnez,2
IgorLakota,3
IgorLamberger,1
IgorLukšič,1
IgorMali,3
IgorMally,26
IgorMarentič,3
IgorMilavc,2
IgorMilavec,1
IgorMuzlovič,3
IgorMuževič,1
IgorNered,1
IgorPapič,1
IgorPerič,9
IgorPetek,1
IgorPeček,2447
IgorPirkovič,10
IgorPušnik,3
IgorSelan,2
IgorSep,1
IgorSimšič,1
IgorSirc,10
IgorVelov,11
IgorZorčič,836
IgorČizmek,1
IgorŠirc,1
IgorŠoltes,4
IgorŠpanjol,1
IgorŠvab,3
IgroPeček,1
ImbreBalogh,2
ImreBalogh,9
InanHršak,1
IngaRemeta,6
IngeRemeta,2
IngridCelestina,1
IrenaBide,1
IrenaDrmaž,8
IrenaIlešičČujovič,12
IrenaJakličValenti,5
IrenaJoveva,2
IrenaKuntaričHribar,1
IrenaKuzma,1
IrenaLesar,1
IrenaMajcen,10
IrenaMarš,6
IrenaMomić,9
IrenaNunčič,2
IrenaOblak,1
IrenaOstrouška,1
IrenaVide,1
IrenaVidic,1
Iris,1
IrisFinkGrubačević,1
IrisJelačinKnavs,1
IrmaButina,3
IvaDimc,1
IvaDimic,2010
IvanCeglar,3
IvanEržen,1
IvanGale,3
IvanHršak,977
IvanKrajnc,3
IvanKršak,3
IvanMeh,11
IvanMolan,2
IvanOven,1
IvanRadulović,2
IvanRadulovič,1
IvanRadulovć,1
IvanSimič,3
IvanušaJani,2
IvanŠelih,10
IvanŽagar,2
IvoVajgl,1
IzidorOstanOžbolt,1
IztokAltbauer,1
IztokBricl,1
IztokHumar,6
IztokIlc,2
IztokJamšek,1
IztokKordiš,2
IztokMori,2
IztokPeroša,1
IztokProdan,1
IztokPurič,31
IztokSlavič,2
IztokSuhadolnik,5
IztokŠori,1
JadranKlinc,1
JadrankaBoturovićPonikvar,1
JadrankaButurovićPonikvar,6
JadrankaGrmek,1
JadrankaJuras,4
JadrankoGrlić,23
JakaBizjak,11
JakaMatičič,2
JakaTrilar,3
JakaVogrinčičBizjak,1
JakaŠilak,2
JakobPočivalšek,3
JakobPočivavšek,9
JanPeloza,1
JanZobec,3
JanaAhčin,8
JanaBedrač,2
JanaBoltaSaje,2
JanaKolar,1
JanaLošin,1
JanaTurk,1
JanaŽakelj,9
JanezBeja,15
JanezCiglerKralj,66
JanezDamjan,1
JanezDolgar,1
JanezDoltar,1
JanezErjavec,2
JanezHorvat,1
JanezHribar,1
JanezIvanJanša,1
JanezJanša,11
JanezJazbec,4
JanezKrek,2
JanezKromar,2
JanezKušar,1
JanezLenarčič,14
JanezLogar,11
JanezMadžar,1
JanezMagyar,1
JanezMalačič,1
JanezMohorič,1
JanezMoškrič,90
JanezMoščkrič,1
JanezPodržaj,1
JanezPogorelec,3
JanezPoklukar,50
JanezPortir,1
JanezPosedi,21
JanezRakar,1
JanezSnoj,1
JanezSodržnik,2
JanezStarman,1
JanezStušek,11
JanezSušnik,1
JanezUrbanc,3
JanezŽakelj,22
JanezŽlak,13
JaniIvanuš,1
JaniIvanuša,281
JaniJankoMöderndorfer,1
JaniMödderndorfer,1
JaniMöderdorfer,1
JaniMöderendorfer,1
JaniMöderndofer,5
JaniMöderndorfer,824
JaniMőderndorfer,3
JaniPrednik,97
JaniPrednnik,1
Janimöderndorfer,3
JanjaBogataj,7
JanjaGarbasHočevar,2
JanjaGarvasHočevar,49
JanjaGavrasHočevr,1
JanjaHeferle,1
JanjaPerme,1
JanjaPlevnik,2
JanjaSluga,532
JanjaSosič,10
JanjaTuršič,4
JanjaVrečičPerhavec,2
JanjaZalar,1
JankoCafuta,2
JankoKramžar,1
JankoMarinko,2
JankoMöderndorfer,2
JankoPlesec,3
JankoRozman,4
JankoRožič,1
JankoStojkovič,1
JankoUrbanc,1
JanošKern,12
JanušKern,1
JanŠkern,1
JanŠkoberne,5
JasminaKlopčič,1
JasminaRakitaCencelj,3
JasnaGabrič,2
JasnaMurgel,1
JasnaČukRupnik,3
JasnaŠegan,1
JašaJenull,2
JašaVrabec,3
JelenaAleksić,4
JelenaKljajić,3
JelinčičPlemeniti,2
JelkaGodec,146
JelkaPirkovič,5
JelkaZorn,1
JelkoKacin,4
JercaKorče,160
JerenejŠtromajer,1
JericaLipec,1
JernejBenedik,1
JernejDolinšek,2
JernejDrofenik,2
JernejMüller,1
JernejMűller,1
JernejPikalo,31
JernejRedek,3
JernejSalecl,1
JernejTašnerVatovec,1
JernejTovornik,1
JernejVrovec,2
JernejVrtovec,356
JernejaBergoč,1
JernejaFarkašLainščak,14
JernejaFarkašLainšček,1
JernejaJugJerše,7
JernejaMaček,1
JernejaMolan,1
JernejČokl,2
JernejŠtromajer,58
JernejŠček,1
JernerVrtovec,4
JernerŠtromajer,1
JorgHodalič,2
JorgKristijanPetrovič,2
JosipLukenda,11
JosipMihalic,1
JosipMihalić,1
JoštJakša,2
JoštŽagar,1
JožaHabernik,1
JožeBaškovič,2
JožeBlajs,1
JožeBogataj,4
JožeDrofenik,2
JožeDuhovnik,4
JožeGolobič,2
JožeHabernik,2
JožeHobič,2
JožeHorvat,4
JožeHribar,3
JožeJaklin,3
JožeJerič,1
JožeKonec,2
JožeKozina,3
JožeLenar,2
JožeLenart,701
JožeMermal,5
JožeMoškrič,1
JožePodgorše,1
JožePodgoršek,139
JožePodržaj,7
JožePogoršek,2
JožePosedi,1
JožeRamovš,3
JožeRovan,1
JožeSambt,1
JožeSenica,1
JožeSmole,2
JožeSmrdel,6
JožeSodja,1
JožeTaler,1
JožeTank,1
JožeTanka,1
JožeTanko,263
JožeTurnšek,1
JožefDrofenik,7
JožefFicko,4
JožefHorva,1
JožefHorvat,648
JožefHorvatSandreli,3
JožefHrovat,1
JožefLenart,157
JožefPeterČesnik,2
JožekHorvat-Muc,2
JožekHorvat-muc,8
JožekHorvatMuc,2
JožicaMaučecZakotnik,6
JpžefHorvat,1
JuditVidaTornar,1
JuerFerjan,1
JulijanFortunat,3
JulijanČavdek,3
JureAnžin,1
JureDermastja,1
JureFerjan,79
JureGašparič,11
JureGašperič,1
JureKostanjšek,2
JureLeben,31
JureLeskovec,2
JureMarkič,1
JurePogačnik,15
JurePonikvar,2
JureVeteršek,1
JureVršnak,1
JurijFurst,1
JurijFürst,1
JurijGroznik,13
JurijKrpan,1
JurijLep,190
JurijToplak,3
JurijŽitek,1
JurijŽitko,6
JózsefGyörkös,8
JózsefVégi,1
KajaLipnikVehovar,1
KajaŠirok,1
KalaUrh,2
KarelErjavec,1
KarelLipič,23
KarelViktorErjavec,1
KarinaDitz,1
KarlErjavec,9
KarlLipič,1
KarlViktorEjravec,1
KarlViktorErjavec,40
KarlaPintar,1
KarlaUrh,189
KarmenFurman,253
KarmenKozmusFerjan,3
KarmenLebeGrajf,3
KarmenNovak,1
KarmenRenčelj,1
KarmenStariha,4
KatarinaBervarSternad,7
KatarinaBervarStrgar,1
KatarinaBervarStrnad,2
KatarinaKralj,51
KatarinaMohar,1
KatarinaPrebil,2
KatarinaŠteblaj,2
KatinModic,1
KatjaBožič,2
KatjaBuda,1
KatjaDolšak,1
KatjaDolžak,1
KatjaHuš,6
KatjaJerman,1
KatjaLautar,11
KatjaLauter,1
KatjaLavtar,4
KatjaLeitinger,3
KatjaPepelnak,1
KatjaPodbevšek,1
KatjaPoglajenRučigaj,3
KatjaRiharBajuk,12
KatjaStušek,1
KatjaTrilerVrtovec,17
KatjaTriller,1
KatjaTrillerVrtovec,36
KatjaZabukovecKerim,1
KatjaZabukovecKerin,2
KatjaČič,4
KatjušaPopović,1
KatjušaPopovič,1
KatrinModic,1
KepaFranc,1
KhalidAli,1
KimKomljanec,1
KlaraMihaldinec,1
KlaraSkubicErmenc,1
KlavdijaKobalStraus,2
KlavdijaKobalŠtaus,1
KlavdijaPoropat,3
KlavdijaŠtimec,2
KlemenBoštjančič,2
KlemenDvornik,8
KlemenGrošelj,39
KlemenJaklič,2
KlemenKošir,1
KlemenMarkeš,8
KlemenMiklavič,1
KlemenPeran,6
KlemenPotisek,2
KlemenŠuligoj,1
KonradKuštrin,1
KordišMiha,3
KornelijaMarzel,6
KornelijaMrzel,1
KozmaAhačič,2
KralaUrh,2
KrešimirŽagar,2
KristijanBriški,2
KristijanLovrak,1
KristijanMlekuš,2
KristijanMusekLešnik,2
KristinaKotnikŠumah,5
KristinaModic,2
KristinaŠteblaj,106
KristjanMagdič,1
KristjanMlekuš,6
KristjanVerbič,8
KritinaŠteblaj,1
KrištofMlakar,2
KrmenFurman,1
KrunoslavJakupčić,1
KrunoslavPavlović,4
KsenijaDobila,1
KsenijaDobrila,15
KsenijaKampfer,1
KsenijaKlampfer,102
KsenijaTušek-Bunc,2
LadiRožič,2
LadislavKošiček,2
LadislavRožič,2
LadoBradač,29
LadoBradč,1
LaraSavnik,1
LarisaEvaRamovš,1
LarsPodkrajšek,1
LeaKnez,1
LeaMarijaColaričJakše,1
LenartJože,4
LenčaArkoFabjan,64
LenčarArkoFabjan,1
LeoKnez,3
LeoKremžar,1
LeonBehin,31
LeonCizelj,2
LeonKegel,2
LeonKegelj,6
LeonMarjasec,1
LeonMerjasec,10
LeonZemljič,2
LeonidaZalokar,1
LidiaGlavina,13
LidijaDivjakMirink,1
LidijaDivjakMirni,5
LidijaDivjakMirnik,364
LidijaDivjakMirnk,2
LidijaDivkajMirnik,1
LidijaIvanuša,20
LidijaJerkič,9
LidijaKozlovič,1
LidijaMirnikDivjak,3
LidijaPezdirRistič,2
LidijaStebernak,2
LidijaŽivčič,2
LidijaŽižek,3
LiliMahne,3
LiliSteblovnik,1
LilijanaBukovič,2
LilijanaKodrič,1
LilijanaKozlovič,39
LilijanaMadjar,1
LilijanaMadžar,2
LiljanaBukovič,2
LiljanaKozlovič,5
LiljanaMadjar,2
LjiljanaHerga,5
LjiljanaKodrič,1
LjuboGermič,1
LjubomirKolarek,1
LjuboŽnidar,79
LjudmilaNovak,390
LojzePeterle,1
LojzeWieser,3
LojzeČerne,1
LucijaRemec,1
LucijaČok,1
LuisaPaisLowe,2
LukaJuvančič,5
LukaKocina,9
LukaMesec,704
LukaMesecd,1
LukaNabergoj,2
LukaŠolmajer,1
LučkaBöhm,3
LučkaKajfežBogataj,3
Mag,2
MagAndrejRajh,1
MagBrankoGrims,4
MagDušanVerbič,1
MagalenkaBratušek,1
MagdalenaUrbančič,2
MagisterAndrejRajh,2
MairaHot,1
MajaArzenšek,1
MajaBaharPidović,2
MajaBednaš,2
MajaBilbija,10
MajaBriški,3
MajaDrobničRadobuljac,3
MajaGostič,2
MajaHostnikKališek,75
MajaKalin,3
MajaKlančnikGruden,1
MajaKocjan,12
MajaKoritnik,2
MajaKostevc,1
MajaKranjc,1
MajaKrumberger,5
MajaLombardo,4
MajaMonrue,2
MajaPlaz,1
MajaPlazar,1
MajaPoharPerme,3
MajaRemškar,3
MajaRigač,2
MajaRozman,8
MajaSočan,4
MajdaMarolt,1
MajoHostnihKališek,1
MakoBandelli,1
ManfredBergmann,3
ManuelJug,4
ManuelVesel,10
MaraCotič,2
MargaretaGučekZakošek,1
MarianaPoznič,2
MaricaUršičZupan,2
MarijaAnderluh,4
MarijaBačič,3
MarijaFabčič,2
MarijaKavkler,1
MarijaLah,12
MarijaMagajne,22
MarijaMarkeš,2
MarijaSoje,1
MarijanPapež,24
MarijanPojbič,185
MarijanSuša,1
MarijanaBednaš,15
MarijanaKormanšekJagarinec,1
MarijanaPetir,8
MarijancaAjšaVižintin,2
MarijaČebularZajc,1
MarijaŠpenč,1
MarikeGrubar,1
MarinaDobraš,2
MarinaLukšičHacin,2
MarinaTavčarKrajnc,2
MarinaTavčarKranjc,1
MarinkaKonečnikKunst,3
Marinko,1
MarioBenkoč,1
MarioFakonja,1
MarioFekonja,9
MarioSteffe,1
MaričaLah,1
MarjanDikaučič,14
MarjanDolinšek,8
MarjanGazvoda,1
MarjanHren,2
MarjanHudorovič,3
MarjanKardinar,2
MarjanKolarič,2
MarjanMaučec,22
MarjanMeglič,3
MarjanOdar,19
MarjanOder,1
MarjanPapež,9
MarjanPintar,9
MarjanPodgoršek,6
MarjanPojbič,15
MarjanSedej,2
MarjanSušelj,26
MarjanaBednaš,7
MarjanaLutman,1
MarjanaMajerič,1
MarjanaPantarMalec,2
MarjancaSimsič,1
MarjanŠturm,2
MarjažHan,1
MarjetaBenčina,2
MarjetaPintar,1
MarjetaPreželj,1
MarjetaRecek,1
MarjetaTrček,2
MarjetaŠvabŠirok,6
MarjetkaKulovec,2
MarjianPojbič,1
MarkBorisAndrijanič,17
MarkkuVirri,6
MarkoBalažic,4
MarkoBandelli,661
MarkoBandellli,1
MarkoBanelli,1
MarkoBrezigar,1
MarkoBreznik,1
MarkoBucik,1
MarkoDrešček,2
MarkoDrofenik,1
MarkoGasser,2
MarkoGrizek,1
MarkoGrobelnik,1
MarkoGuček,1
MarkoHauptfeld,1
MarkoHočevar,1
MarkoJenko,8
MarkoJenšterle,1
MarkoJuhant,2
MarkoKopric,1
MarkoKoprivc,390
MarkoKoprivec,15
MarkoKorpivc,2
MarkoKorprivc,1
MarkoKošir,2
MarkoKranjc,2
MarkoLemaić,5
MarkoLenarčič,1
MarkoLovec,1
MarkoMandelli,1
MarkoMaver,49
MarkoMilosavljević,1
MarkoNaberšnik,1
MarkoNovak,1
MarkoNoč,5
MarkoOman,1
MarkoOraže,9
MarkoPerdih,1
MarkoPoganik,2
MarkoPogačar,1
MarkoPogačni,2
MarkoPogačnik,1487
MarkoPogačnk,2
MarkoPogčanik,1
MarkoPotočnik,2
MarkoPrimožič,1
MarkoPukšič,1
MarkoRupar,2
MarkoSlavič,1
MarkoZaman,4
MarkoZidanšek,6
MarkoŠtrovs,1
MartaCiraj,2
MartaGrgičVitek,1
MartaMihelin,7
MartaSvoljšak,4
MartinBrus,2
MartinDušič,4
MartinJazbec,3
MartinLeskovar,1
MartinLisjak,2
MartinLissiach,5
MartinMožina,1
MartinNahtigal,1
MartinPremk,3
MartinRopoš,1
MartinSmodiš,4
MartinaGračner,2
MartinaVuk,48
MarušaBabnik,1
MarušaZmrzljak,1
MarušaZorec,3
MatalijaKovačJereb,1
MatašaSukič,1
MatejAndolšek,13
MatejAvbelj,3
MatejBeltram,7
MatejBlenkoš,2
MatejBlenkuš,2
MatejGojčič,1
MatejHajdinjak,6
MatejKlemenčič,1
MatejKnaus,2
MatejKošir,1
MatejKranjc,4
MatejMakarovič,1
MatejMarn,25
MatejOgrin,1
MatejPirc,45
MatejRupret,7
MatejSkočir,1
MatejStopar,1
MatejT.Vatovec,68
MatejTašnerVarovec,1
MatejTašnerVartovec,1
MatejTašnerVatovec,448
MatejTonin,172
MatejTorkar,19
MatejUrek,4
MatejValenšek,1
MatejZagorc,1
MatejaBošnjak,2
MatejaDeReja,3
MatejaDeReya,1
MatejaJandl,1
MatejaJanša,1
MatejaJašna,3
MatejaKončinaPeternel,1
MatejaKričej,6
MatejaLekanŠtrukelj,2
MatejaLopuh,3
MatejaMahkovec,1
MatejaRibič,90
MatejaRihter,1
MatejaSatler,1
MatejaToman,7
MatejaTovornik,1
MatejaUdovič,2
MatejaUdovč,556
MatejaUdvoč,1
MatejaUrbančič,1
MatejaUrbančičJelovšek,1
MatejaVraničErman,1
MatejaVraničarErman,20
MatejŽnuderl,5
MatevžLuzer,1
MatevžVrhovnik,2
MatevžČelik,1
MaticKramberger,2
MaticZupan,38
MatijaCentrih,1
MatijaCevc,1
MatijaDermota,1
MatijaDrmota,1
MatijaHorvat,1
MatijaKnapič,1
MatijaPolajnar,1
MatijaPolajner,1
MatijaSirko,1
MatijaStepišnik,2
MatijaVidmar,2
MatijaVimpolšek,1
MatijaČakš,3
MatijaŠturm,2
MatjanPapež,1
MatjažDolšek,1
MatjažGams,4
MatjažGrkman,2
MatjažGuček,3
MatjažHan,504
MatjažHomšak,1
MatjažJerkič,1
MatjažJuhart,2
MatjažKovačič,1
MatjažLičar,1
MatjažMikoš,2
MatjažMohorko,1
MatjažMrhar,1
MatjažNemec,1347
MatjažPodmiljšak,4
MatjažPodmilšek,1
MatjažRakovec,2
MatjažSušnik,1
MatjažValenčič,1
MatjažVehovec,1
MatjažVeselko,3
MatjažVodušek,3
MatjažVogrin,1
MatjažVrčko,10
MatjažŠifkovič,1
MatjažŠvagan,2
MatoGostiša,3
MatodDragonja,1
MaurizioTremul,10
MašaCvetežar,1
MašaKociper,697
MašaKosiper,2
MašaŽagar,3
MašaŽager,1
MedotDragonja,1
MeirHot,1
MeiraHot,274
MejraHot,1
MelitaZorec,1
MelitaŠinkovec,65
MensijaKurtović,4
MeraHot,1
MesecLuka,1
MetkaGorišek,32
MetkaKorže,1
MetkaLogar,1
MetkaNaglič,2
MetkaPetekUhan,2
MetkaZorc,2
MetkaZorec,1
MetkaŠoštarič,1
MetkaŠošterič,2
MetodDragonja,151
MetodGrah,1
MetodKrajnc,1
MetodPevec,3
MetodaDodičFikfak,1
MetodaHorvatPirnat,4
MetodaHrovatPirnat,48
MiaHočevar,1
MichaelBibaritsch,2
MihaBenet,6
MihaBlažič,6
MihaDežman,2
MihaGodnič,1
MihaHorvat,1
MihaHumar,2
MihaJazbinšek,1
MihaKoprivnikar,3
MihaKordiš,1559
MihaKovač,1
MihaKovačič,4
MihaLobnik,25
MihaLovšin,1
MihaMarenče,2
MihaPaternoster,1
MihaPolnar,1
MihaPrevc,1
MihaSkubic,1
MihaStegel,4
MihaVerčko,9
MihaZupančič,4
MihaelCigler,1
MihaelMarkoč,1
MihaelPrevc,56
MihaelaLovše,2
MihaČernec,1
MihaŠkerbinc,36
MihaŽupančič,2
MihraKordiš,1
MijaLapornik,1
MikaKordiš,2
MilanBrglez,318
MilanBufon,1
MilanKrek,13
MilanOzimič,11
MilanRepič,2
MilanUnuk,2
MilanZver,5
MilanČadež,2
MilenaHorvat,1
MilenaIvanušGrmek,1
MilenaKovač,2
MilenaKrnecHorvat,3
MilenaVöröš,3
MilenkoStanković,1
MilevaŠtrukelj,1
MilevaŠtukelj,6
MilojkaKolarCelarc,1
MilojkaKurtjak,1
MilošBizjak,52
MilošKosec,2
MilošRadić,4
MilošSenčur,1
MilošČas,6
MilošŠenčur,1
MilčekKomelj,2
MimaSuhadolc,2
MincaBenedejčič,5
MinikaGregorčič,1
Minister,1
MiodragĐorđević,5
MiraPalhartinger,15
MiranAčko,1
MiranBrvar,2
MiranCandellari,1
MiranGajšek,3
MiranGolub,1
MiranKimovec,1
MiranKorošak,1
MiranLakota,1
MiranLesjak,1
MiranMihelič,11
MiranRepič,1
MiranStanko,2
MiranZajšek,1
MiranZupanič,2
MirandaGroffFerjančič,2
MirjamBizjakVelikonja,2
MirjamKline,5
MirjanHren,1
MirjanaKline,1
MirjanaMagyarLovrić,2
MirjanaRanzinger,3
MirkoBarničJager,3
MirkoBarničager,1
MirkoBrničJager,8
MirkoStopar,8
MirkoŠtular,3
MiroCerar,23
MiroKrajnc,2
MiroPetek,10
MiroslavBenulič,4
MiroslavCerar,69
MiroslavKranjc,8
MiroslavPetrovec,2
MiroslavaPalhaltinger,1
MiroslavaPalhantinger,1
MiroslavaPalhartinger,38
MiroslavŽaberl,1
MithedHuskić,1
MitjaBlaganja,2
MitjaBobnar,4
MitjaBrezovnik,1
MitjaFabjan,1
MitjaGlavnik,1
MitjaGorenjšček,3
MitjaGorenšček,13
MitjaJeleničNovak,2
MitjaKranjčan,1
MitjaMočnik,2
MitjaPodgajski,1
MitjaPrezelj,2
MitjaSadek,2
MitjaSlavinec,34
MitjaSvete,1
MitjaTerče,2
MitjaVilar,3
MitjaŠuštar,3
MladenTerčelj,5
MladenVeršič,4
MojcaAvguštin,3
MojcaBerkovičSimeonov,2
MojcaBertalaničForšek,4
MojcaBreščak,1
MojcaGobec,6
MojcaGolobič,1
MojcaGroznik,1
MojcaGruden,6
MojcaIlcKlun,1
MojcaJanZoran,2
MojcaJarc,6
MojcaLukšič,1
MojcaMahkota,1
MojcaMajič,8
MojcaPečar,4
MojcaPečnikTernovšek,1
MojcaPirnat,12
MojcaPrelesnik,9
MojcaRamšakPetek,1
MojcaRamšakPešec,40
MojcaRamšekPešec,1
MojcaTancarVerboten,1
MojcaTrstenjak,1
MojcaVoljč,1
MojcaŠkrinjar,470
MojcaŠrinjar,3
MojcaŠrkinjar,1
MojcaŠtravs,1
MojcaŽnidarica,1
MojcaŽnidarič,479
MojcaŽnidaršič,2
MojcaŽnidrič,14
MojdaŽnidarič,1
MomirRadulović,5
MonikaAžman,17
MonikaFerenčak,1
MonikaGregorčič,972
MonikaGregočič,2
MonikaGregročič,4
MonikaGreogorčič,1
MonikaJakše,1
MonikaKirbišRojs,6
MonikaPintarMesarič,1
MonikaWeiss,2
MoranJurkovič,3
MoranJurkovičDane,1
MorkoKoprivc,1
MotodaHorvatPrinat,1
MoškričJanez,2
NaceKovač,1
NadaBrinovšek,27
NadaDrobnePopović,5
NadaDrobnePopovič,6
NadjaGötz,2
NadjaZalokar,1
NadjaČabal,2
NadjaČobal,4
NadjaŠinkovecZorko,2
NantiOlip,3
NassimDjaba,1
NatalijaGorščak,5
NatalijaKovačJereb,173
NatalijaNedeljko,7
NatalijaRibič,1
NatalijaSpark,1
NatašaBradičŽagar,1
NatašaBrajdičŽagar,1
NatašaBučar,4
NatašaCvetek,1
NatašaDetič,1
NatašaDolenc,28
NatašaGoršekMencin,5
NatašaHarej,3
NatašaHorvat,2
NatašaKobeLogonder,1
NatašaKocjančič,1
NatašaKovač,27
NatašaMusarMihelič,1
NatašaMusarMišelijić,2
NatašaMusarMišelič,1
NatašaMusarMišeljić,10
NatašaPosel,1
NatašaPotočnik,5
NatašaSkuič,1
NatašaSorko,1
NatašaSukić,49
NatašaSukič,2088
NatašaSukuč,1
NatašaVoršič,49
NatašaŠerbec,1
NatašaŠkrjanc,1
NatašaŠram,1
NatašaŠtelcer,1
NatšaSukič,1
NejaSamarBrenčič,1
NejcJelen,2
NejcKumar,1
NejcŠkof,1
NenaKopčavarGuček,5
NenadHardiVitorović,1
NevenkaKoprivšek,1
NevenkaKus,1
NevenkaLekše,4
NevenkaMatelič,1
NevenkaMateličNunčič,1
NevenkaMlinar,2
NevenkaRibič,22
NevenkaVolkRožič,2
NevenkaZavrl,3
NežaAjdišek,3
NežkaFigelj,2
NikPrebil,471
NikaKovač,2
NikaKrajnc,2
NikoErker,6
NikoMiholič,1
NikoŠuštarič,2
NilPrebil,1
NinaAnaJager,1
NinaAnaJäger,1
NinaGregori,1
NinaKoščak,6
NinaKoželj,8
NinaMauhler,118
NinaMaurovič,133
NinaMilost,3
NinaMujagić,1
NinaNunčič,1
NinaPirnat,15
NinaRemškar,1
NinaSeljak,1
NivesPočkar,3
NivesVrbičKugonič,1
NuškaGajšek,1
OlgaDrofenik,10
OliverVlainić,1
OliveraMirković,2
OmarSmajlović,1
OskarBanBrejc,2
OskarKomac,21
OžbaltPodpečan,8
OžboltPodpečan,1
Papež,1
Part,1
PatricijaČular,1
PatricijaŠulin,5
PatrikBole,1
PavelDemšar,6
PavlinkaKorošec-kocmur,1
PavlinkaKorošecKocmur,3
PeterBaroš,3
PeterBožnar,1
PeterCerovšek,1
PeterDrum,1
PeterGašperGašperšič,1
PeterGašperšič,1
PeterGeršak,37
PeterGrad,1
PeterGregorčič,2
PeterGrk,2
PeterGrum,2
PeterJambrek,1
PeterJančič,2
PeterJeglič,1
PeterJenko,7
PeterJešovnik,71
PeterJožefČesnik,104
PeterKozmus,1
PeterKralj,6
PeterKrečič,1
PeterMajcen,2
PeterMirt,4
PeterMisja,6
PeterPal,1
PeterPavlin,10
PeterPeterka,8
PeterPišek,2
PeterPogačar,5
PeterPožon,1
PeterPožun,49
PeterSkerbiš,2
PeterSvetina,53
PeterVrisk,1
PeterWostner,1
PeterZmagaj,1
PeterZupan,1
PeterČesnik,1
PeterŠajn,7
PeterŠtih,1
PetraBezjak,2
PetraBezjakCirman,6
PetraBrus,1
PetraCuletto,12
PetraCulletto,1
PetraIstenič,1
PetraKoleta,1
PetraLesjakTušek,3
PetraMajdič,1
PetraMaroltVajda,18
PetraMeterc,1
PetraSvoljšak,2
PetraŠubernik,1
PiaBrezavšček,1
PiaVračko,20
PimožSiter,1
Pleškovič,1
PodprdsednicaTinaHeferle,1
PodprdsednikMarkoBandelli,1
PodpredragBaković,1
Podpredsednik_____,1
Podpredsednik______,1
PodpresednikAndrejRajh,1
PodpresednikJožeLenart,1
PodredsednikAndrejČernigoj,1
PolonaFlerin,12
PolonaKovač,3
PolonaPetek,1
PolonaTorkar,4
PolonaŠolnVrbinc,2
PoloncaKenda,1
PoloncaTrudenDobrin,6
PoloncaTurdenDobrin,1
PolonijaSimon,2
PomojcaŽnidarič,1
PoninaMaurovič,1
PrdsednikBlažPavlin,1
PrdsednikMatjažNemec,2
PredednicaAnjaBahŽibert,8
PredednicaIvaDimic,2
PredednikIgorPeček,1
PredesdnikDejanŽidan,2
PredesdnikFrancBreznik,1
PredesednikIgorZorčič,1
PredgragBaković,1
PredlagBaković,1
PredradBaković,1
PredragBaković,804
PredragBakovič,13
PredragBarović,1
PredrakBaković,1
PreedsednikMarkoPogačnik,2
PresdednikFrancTrček,1
PresednicaAnjaBahŽibert,3
PresednicaIvaDimic,1
PresednicaMatejaUdovč,2
PresednicaMonikaGregorčič,2
PresednicaVioletaTomić,5
PresednikBojanPodkrajšek,1
PresednikBojanPodrajšek,7
PresednikBranislavRajić,1
PresednikBrankoGrims,1
PresednikEdvardPaulič,1
PresednikFrancBreznik,4
PresednikFrancTrček,5
PresednikIgorPeček,2
PresednikIgorZorčič,3
PresednikIvanHršak,9
PresednikMatjažNemec,7
PresednikRobertPolnar,26
PresednikSamoBevk,18
PresednikVojkoStarović,6
PresednikZvonkoČernač,16
Prevajalka,1
PrimiožSiter,1
PrimorSiter,1
PrimožDamjanovič,12
PrimožDolenc,27
PrimožPinoza,11
PrimožSitar,10
PrimožSitec,1
PrimožSiter,1092
PrimožStrojan,4
PrimožTroppan,1
PrimožTuršič,1
PrimožČernelč,1
PromižSiter,1
PrredragBaković,1
Pušnik,1
RadePribaković,1
RadkoKomadina,1
RadkoLuzar,1
RadoBrezovar,3
RadoFele,10
RadoKerč,1
RadoPezdir,2
RafaelKapš,2
RafaelKraševec,2
RafaelKrašovec,2
RajkoDjordjević,1
RajkoDjordjevič,2
RajkoFajt,68
RajkoKozmelj,4
RajkoPuš,1
RajkoStanković,5
RatkoFajt,1
RatkoLuzar,1
RebekaBratošGornik,1
RedsednikBrankoGrims,1
RenataMartinčič,2
RenataRajapakse,3
RenataZamida,5
RenataZavršnikMihič,1
RobeertPolnar,1
RoberPolnar,4
RobertApollonio,3
RobertBerginc,3
RobertBlatnik,10
RobertBolješič,1
RobertBrus,2
RobertCajhen,1
RobertCugelj,23
RobertFerenc,3
RobertFurman,1
RobertGlavaš,23
RobertGolob,1
RobertGolobinek,1
RobertGratton,1
RobertGrnjak,3
RobertKokalj,1
RobertKus,1
RobertMore,1
RobertPavišč,1
RobertPavšič,656
RobertPerič,1
RobertPeskar,3
RobertPolanar,2
RobertPolanr,2
RobertPolar,1
RobertPoler,1
RobertPolnar,5417
RobertPonar,1
RobertPožonec,1
RobertRenier,5
RobertRežonja,1
RobertRožac,35
RobertRožanc,4
RobertStrah,1
RobertTomazin,8
RobertVolčanšek,5
RobertVurušič,1
RobertŠtaba,1
RobertŠumi,16
RobetGrah,1
RobetPavšič,1
RobetPolnar,2
RobiKroflič,1
RobretPolnar,1
RokBiček,2
RokCvetko,3
RokJesih,4
RokKonečnik,1
RokMarolt,2
RokNovak,1
RokRavnikar,3
RokRoblek,1
RokRozman,1
RokSedminek,1
RokVeber,1
RomanFerenčak,4
RomanGruden,15
RomanKimavec,1
RomanKramar,1
RomanKramer,1
RomanKuhar,1
RomanM.Gruden,3
RomanPonebšek,1
RomanSavšek,2
RomanUrbanč,1
RomanZavršek,1
RomanaBošnik,1
RomanaEpih,5
RomanaMartinčič,3
RomanaTomc,7
RomanČernjak,1
RomanŽveglič,14
RominaKuričKolman,1
RosvitaSvenšek,2
RudiFatur,2
RudiHorvat,1
RudiMedved,425
RudiMerljak,2
RudiPavšič,3
RudiVolk,1
RudiŽveglič,2
SabinaHomjak,1
SabinaKorbar,5
SabinaKorošecZavšek,1
SabinaLeben,1
SabinaSeme,3
SabinaSenčar,1
SabinaZalar,4
SamerHalil,1
SamerKhalil,17
SamoBevk,1476
SamoBvek,1
SamoFakin,27
SamoHribar,1
SamoHribarMilič,5
SamoJereb,20
SamoKošir,1
SamoLampret,8
SamoMihelin,4
SamoRugelj,1
SamoStrelec,1
SamoVesel,1
SamoZajc,4
SamoČervek,13
SandiViršak,1
SandiČerin,1
SandiČurin,46
SandraBašićHrvatin,1
SanelaTalić,3
SanibojKnežak,1
SanjaAjanovićHovnik,1
SanjaRanovič,1
SaraErjavecTekavec,1
SaraKosirnik,1
SaraMarijaŠirnik,2
SaraSavnik,1
SaraSvatiSharan,1
SavinaZwitter,1
SašaArsenović,1
SašaArsenovič,1
SašaBajda,1
SašaBreceljPodgornik,2
SašaBricelj,4
SašaBriceljPodgornik,38
SašaDragarMilanovič,6
SašaGržinič,2
SašaHeath-drugović,2
SašaHeath-drugovič,5
SašaHeathDrugovič,2
SašaJazbec,104
SašaPrelič,3
SaškaKiaraKumer,2
SaškaKumar,2
SaškaKumer,2
SašoJazbec,1
SebastianCavazza,2
SebastijanValentan,2
SebastijanZupanc,1
SebastjanCavazza,1
SebastjanZupan,1
SenkaŠifkovičVrbica,1
SergijAndrejaš,2
SibilSvilan,19
SigridBerka,2
SigrigBerka,4
SilvanPeršolja,2
SilvijaHajdinjakPrendl,1
SilvijaZec,1
SilvoKontarič,2
SilvoKuntarič,1
SilvoZupančič,2
SimeonaRogelj,3
SimonMarolt,2
SimonSavski,1
SimonSlokan,2
SimonStarček,1
SimonStrgar,3
SimonTrussevich,1
SimonZajc,170
SimonZajec,1
SimonaBergoč,1
SimonaGerenčer,1
SimonaGerenčerPegan,2
SimonaKustec,12
SimonaKustecLipicer,7
SimonaKusterLipicer,1
SimonaLeskovar,14
SimonaMuhič,3
SimonaPerčič,2
SimonaPoljanšek,6
SimonaReparBornšek,23
SimonaReparPirnat,1
SimonaVodopivec,1
SimonaVrevc,2
SimonaZagorc,5
SimonovičBranko,1
SinkaŠifkovićVrbica,1
SladjanaJelisavčić,3
SladjanaJelisavčič,1
SladjanaJesić,1
SladjanaJešić,176
SladjanaJešič,3
SladjaniJešić,1
SlavicaMencingar,1
SlavicaMencinger,3
SlavkaSnedec,2
SlavkoGabrovšek,2
SlavkoKoroš,1
SlavkoKrištofelc,4
SlavkoPregl,1
SlavkoTrivković,2
SlavkoŠega,3
SlađanaJešić,7
SlađjanaJešić,1
SmiljanaKnez,4
SonajBienKarlovšek,1
SonibojKenžak,1
SonibojKnežak,240
SonjaBeinKarlovšek,2
SonjaBienKarlovšek,101
SonjaBienKralovšek,1
SonjaKralj,1
SonjaProsenc,2
SonjaTomšič,1
SonjaŠmuc,1
SpomenkaValušnik,19
SrečkoMlačnik,1
SrečkoOcvirk,3
SrečkoĐurov,9
SrečkoŠestan,9
SrečkoŽerjav,1
StaneBaloh,3
StaneBaluh,16
StaneMerše,1
StanislavPejovnik,2
StanislavRaščan,26
StanislavVrečar,10
StanislavaZadravec,1
StanislavaZadravecCaprirolo,4
StankaPreskar,4
StankaPresker,1
StankoBaloh,2
StankoBaluh,23
StankoŠtrajn,1
Stančič,1
StašRavter,1
StašaJovanović,1
StefaniaBeretta,2
StjepanMikec,1
StojanTrampte,1
StojanTramte,58
StojanŠčuka,1
SumrakĐurđica,1
SusanneWeitlaner,3
SuzanaGalič,1
SuzanaJarc,1
SuzanaKavaš,1
SuzanaKranjc,2
SuzanaLepŠimenko,31
SuzanaTratnik,1
Sušnik,1
SvojkoStarović,1
TadejAvčin,2
TadejBattelino,1
TadejBeočanin,1
TadejBevčan,1
TadejBojnec,1
TadejKern,1
TadejMeserko,7
TadejaGlavica,1
TadejaSavnik,5
TadejaŠuštar,74
TadejaŠuštarZalar,21
TadejaŠušter,1
TajZavodnik,6
TajaSteblovnik,4
TajdaLogar,1
TamaraGregorčič,10
TamaraKolarič,1
TamaraLahTurnšek,1
TamaraPeklarKorošec,1
TamaraStaričPetrović,1
TamaraVonta,11
TanjaBolte,2
TanjaDular,1
TanjaFajon,9
TanjaKerševanSmokcina,1
TanjaKerševanSmokvin,1
TanjaKerševanSmokvina,15
TanjaKrševan,1
TanjaLavrenčič,1
TanjaMarušič,4
TanjaMate,5
TanjaMatjaševič,8
TanjaMuha,26
TanjaOberski,1
TanjaOtrin,2
TanjaStrniša,76
TanjaTravnikar,4
TanjaŠpanić,1
TarikŽigon,1
TatjanaAdamič,1
TatjanaBobnar,37
TatjanaEberlincJurkas,1
TatjanaFrelih,3
TatjanaJevševar,1
TatjanaLejkoZupanc,1
TatjanaLikar,1
TatjanaMarn,1
TatjanaMlakar,11
TatjanaRojc,6
TatjanaZagorc,2
TeaJarc,2
TejaBevc,1
TejaKorbar,1
TeodorŽepič,2
TerezaNovak,1
TilenBasle,1
TilenBožič,110
TimHorvat,1
TimOsmak,1
TinaBergant,2
TinaBrecelj,10
TinaBregant,51
TinaGerbec,6
TinaHeferle,580
TinaHefrle,11
TinaHumar,2
TinaJamšek,3
TinaSršen,4
TitAlbreht,2
TjašaDoljak,1
TjašaKozole,2
TjašaPogačar,1
TjašaPoreber,1
TjašaŠkreblin,1
TjašaŽoharČretnik,1
TomZalaznik,2
Toman,1
TomažBoh,9
TomažBole,1
TomažBoltin,2
TomažCunda,1
TomažCunder,2
TomažGantar,28
TomažGorec,2
TomažGorenc,1
TomažHorvat,24
TomažKlemenc,3
TomažKoren,3
TomažKošak,3
TomažKraškovic,3
TomažKrištof,2
TomažKukovica,3
TomažKučič,1
TomažLisec,126
TomažOgrin,12
TomažPavček,1
TomažPerše,4
TomažPetek,11
TomažPečjak,19
TomažPliberšek,79
TomažProhinar,1
TomažRepinc,1
TomažRode,2
TomažVesel,31
TomažVidic,10
TomažVrček,1
TomažWillempart,1
TomažWillenpart,14
TomažWraber,3
TomažZwitter,1
TomažČop,1
TomažŠtoka,1
TomiRumpf,11
TomislavPanenić,12
TomislavTkalec,1
TomislavŠpilak,1
TomžaVidic,1
ToneDolčič,5
ToneKajzer,34
ToneKrkovič,2
ToneKvasič,2
TonePetrič,2
ToneSlak,2
ToneČesen,1
ToniBalažič,2
ToniKoršič,1
ToniRumpf,1
TonjaJerele,2
TonyLenko,2
TrancTrček,1
Trček,1
TugomirKodelja,63
TugomirMajdak,3
UrbanKorenjak,1
UrbanKrajcar,16
UrbanKrajcer,7
UrhGrošelj,2
UrošBrežan,2
UrošDurn,2
UrošKorenčan,2
UrošKorošec,3
UrošKrek,1
UrošKrižanec,1
UrošLampert,2
UrošLampret,113
UrošMacerl,2
UrošNovak,3
UrošPaternus,1
UrošRustja,1
UrošSvete,1
UrošUrbanija,42
UrošŠtuhec,7
UrsulaVonDerLeyen,1
UršaAličKolen,1
UršaGorenc,2
UršaMenart,2
UršaRegvar,3
UršaŽidan,1
UrškaAhlinGanziti,2
UrškaBan,19
UrškaCvelbar,7
UrškaErklavec,1
UrškaJež,2
UrškaJurman,2
UrškaKorošec,3
UrškaLušina,1
UrškaSrnec,1
UršulaCetinski,6
UršulaMenihDokl,7
UršulaZoreTavčar,23
ValentinHajdinak,1
ValentinHajdinjak,2
ValentinInzko,1
ValentinSchein,1
ValentinSima,3
Valentina-AnamarijaMarolt,1
ValentinaAnamarijaMarlot,1
ValentinaAnamarijaMarolt,15
ValentinaMarolt,30
ValentinaVehovar,9
ValerijaKunštek,5
ValerijaLekićPoljšak,1
ValterBandelj,1
ValterMlekuš,1
VanessaGrmek,3
VarjaMočnik,1
VaskoSimonit,1
VaskoSimoniti,138
VeraKržišnikBukić,2
VeraMarkoja,2
VeraPečnik,1
Vesel,1
VesnaFabjan,2
VesnaKalčič,2
VesnaMarinko,3
VesnaNahtigal,1
VesnaZadnik,2
VidaTörnarJudit,3
ViktorVračar,1
ViktorijaTomič,7
ViktorŠvigelj,1
ViliKavčič,1
ViliKovačič,14
ViliMatula,1
ViljemKovač,1
VilkoKolbl,1
VinkoFilipič,12
VinkoGorenak,4
VinkoLogaj,7
VioletaBulc,18
VioletaNeubaurer,1
VioletaTomić,2810
VioletaTomič,25
VioletaTomoć,3
ViolitaTomić,1
VitaHabjanBarborič,1
VittoriaAlliataDiVillafranca,1
VladimirHorvat,32
VladimirIlić,1
VladimirKukavica,3
VladimirLazić,2
VladimirPrebilič,4
VladimiraTomšič,1
VladimirČeligoj,6
VladimirŠega,5
VladislavRožič,4
VladmirHorvat,1
VladoBradač,1
VladoKorber,1
VladoKrajcar,2
VladoŠega,1
VlastaNussdorfer,36
VlastaNüssdorfer,1
VlastaVičič,1
VodjaTinaHeferle,6
VojeIgnac,1
VojkoStarocić,1
VojkoStarović,1783
VojkoStarovič,8
VojkoStarovoić,1
VojkoStopar,5
VojkoToman,4
VojkoUrbas,4
Vrbos,1
WalterBandelj,11
ZalaDobovšek,1
ZdenkaMrak,2
ZdenkaČebašekTravnik,17
ZdenkoLorber,4
ZdravkaVasiljevićRudonić,1
ZdravkoKafol,1
ZdravkoKačič,3
ZdravkoMele,2
ZdravkoPilipović,2
ZdravkoPilipovič,1
ZdravkoPočivalšek,17
ZlatanFicko,6
ZlatanČordićZlatko,1
ZlataŠtiblarKisić,3
ZlatkoAjd,1
ZlatkoFicko,9
ZlatkoRataj,3
ZlatkoRate,1
ZlatkoRatej,58
ZmagoJeliničičPlemeniti,1
ZmagoJelinčič,1
ZmagoJelinčičPlemenisti,1
ZmagoJelinčičPlemeniti,439
ZmagoJelinčičPlementiti,6
ZmagoJelinčičPlmeneniti,1
ZmagoJelinčičiPlemeniti,1
ZmagoJeličničPlemeniti,3
ZmagoJeličničPlementiti,1
ZmagoJeličnčičPlemeniti,2
ZnovkoČernač,1
ZoranJanković,16
ZoranJankovič,2
ZoranMladenović,1
ZoranMladenovič,8
ZoranPoznič,50
ZoranRemic,2
ZoranSkubic,1
ZoranStančič,32
ZsuzsannaBači,1
ZvezdanPirtošek,1
ZvnokoČernač,1
ZvoneČernač,3
ZvoneŽigon,2
ZvonkkoČernač,1
ZvonkoBaklan,1
ZvonkoGolobič,3
ZvonkoZavasnik,2
ZvonkoČernač,1916
ZvonskoČernač,1
ZvovkoČernač,1
____,1
_____,1
________,2
unknown-F,162
unknown-M,293
Čačić,1
ČedoVelašević,2
ČrtomirRemec,3
ČrtomirTavzes,2
ŠimeIvanjko,1
ŠirceljAndrej,2
ŠpelaBatis,2
ŠpelaBerlot,1
ŠpelaGuštinMaček,2
ŠpelaHorjak,1
ŠpelaIsop,2
ŠpelaJakopič,1
ŠpelaKelih,1
ŠpelaMačekGustin,1
ŠpelaMačekGuštin,50
ŠpelaNardoniKovač,2
ŠpelaPerme,5
ŠpelaRotar,2
ŠpelaStare,4
ŠpelaZupan,1
ŠpelaČadež,2
ŠpelaŠuštaršič,1
ŠtefanGrosek,1
ŠtefanKušar,3
ŠtefanijaZlobec,1
ŠtefanČelan,4
ŽanMahnič,256
Željk0Cigler,1
ŽeljkoCiger,1
ŽeljkoCiglar,1
ŽeljkoCigler,541
ŽeljkoKralj,9
ŽeljkoVrbos,1
ŽenjaLeiler,1
ŽigaNovak,1
ŽigaTurk,2
ŽigaVrtačič,1
ŽigaZaplotnik,4
Žigon,1
ŽivaBrecelj,1
ŽižaFelice,1
